Sample Name;Locus;STR Length;Read;Sequence
ID0001;CSF1PO;11;524;AAGATAGATAGATTAGATAGATAGATAGATAGATAGATAGATAGATAGATAGATAGATAGGAAG
ID0001;CSF1PO;13;647;AAGATAGATAGATTAGATAGATAGATAGATAGATAGATAGATAGATAGATAGATAGATAGATAGATAGGAAG
ID0001;D10S1248;13;1676;TTGAACAAATGAGTGAGTGGAAGGAAGGAAGGAAGGAAGGAAGGAAGGAAGGAAGGAAGGAAGGAAGGAAATGAAGACAATACAACCAGAGTT
ID0001;D10S1248;14;1301;TTGAACAAATGAGTGAGTGGAAGGAAGGAAGGAAGGAAGGAAGGAAGGAAGGAAGGAAGGAAGGAAGGAAGGAAATGAAGACAATACAACCAGAGTT
ID0001;D12S391;19;1031;CAGAGAGAAAGAATCAACAGGATCAATGGATGCATAGGTAGATAGATAGATAGATAGATAGATAGATAGATAGATAGATAGATAGATAGACAGACAGACAGACAGACAGACAGATGAGAGGGGATTTATTAGAGGAATTAGCTCAAGTGATATGGAGGCTGAAAAATCTCATGACAGTCCATCTGCAAGCTGGAGACCCAGGGACACTA
ID0001;D12S391;22;586;CAGAGAGAAAGAATCAACAGGATCAATGGATGCATAGGTAGATAGATAGATAGATAGATAGATAGATAGATAGATAGATAGATAGATAGACAGACAGACAGACAGACAGACAGACAGACAGACAGACGAGAGGGGATTTATTAGAGGAATTAGCTCAAGTGATATGGAGGCTGAAAAATCTCATGACAGTCCATCTGCAAGCTGGAGACCCAGGGACACTA
ID0001;D13S317;12;1138;TCTGACCCATCTAACGCCTATCTGTATTTACAAATACATTATCTATCTATCTATCTATCTATCTATCTATCTATCTATCTATCTATCTATCAATCATCTATCTATCTTTCTGTCTGTCTTTTTGGG
ID0001;D13S317;12;1358;TCTGACCCATCTAACGCCTATCTGTATTTACAAATACATTATCTATCTATCTATCTATCTATCTATCTATCTATCTATCTATCTATCAATCAATCATCTATCTATCTTTCTGTCTGTCTTTTTGGG
ID0001;D16S539;9;594;TCCTCTTCCCTAGATCAATACAGACAGACAGACAGGTGGATAGATAGATAGATAGATAGATAGATAGATAGATATCATTGAAAGACAAACCAGAGATGGATGATAGATAC
ID0001;D16S539;13;601;TCCTCTTCCCTAGATCAATACAGACAGACAGACAGGTGGATAGATAGATAGATAGATAGATAGATAGATAGATAGATAGATAGATAGATATCATTGAAAGACAAAACAGAGATGGATGATAGATAC
ID0001;D17S1301;12;;ATATGTGTGAGATAGATAGATAGATAGATAGATAGATAGATAGATAGATAGATAGATCCATCATAGGAATTTT
ID0001;D17S1301;12;;ATATGTGTGAGATAGATAGATAGATAGATAGATAGATAGATAGATAGATAGATAGATCCATCATAGGAATTTT
ID0001;D18S51;13;1330;GTCTCAGAAAGAAAGAAAGAAAGAAAGAAAGAAAGAAAGAAAGAAAGAAAGAAAGAAAAAGAGAGAGGAAAGAAAGAGAAAAAGAAAAGAAATAGTAGCAACTGTTATTGTAAGA
ID0001;D18S51;15;1305;GTCTCAGAAAGAAAGAAAGAAAGAAAGAAAGAAAGAAAGAAAGAAAGAAAGAAAGAAAGAAAGAAAAAGAGAGAGGAAAGAAAGAGAAAAAGAAAAGAAATAGTAGCAACTGTTATTGTAAGA
ID0001;D19S433;13;1122;AGCTATAATTGTACCACTGCACTCCAGCCTGGGCAACAGAATAAGATTCTGTTGAAGGAAAGAAGGTAGGAAGGAAGGAAGGAAGGAAGGAAGGAAGGAAGGAAGGAAGGAAGGAGAGAGGAAGAAAGAGAGAAGATTTTTATT
ID0001;D19S433;15;817;AGCTATAATTGTACCACTGCACTCCAGCCTGGGCAACAGAATAAGATTCTGTTGAAGGAAAGAAGGTAGGAAGGAAGGAAGGAAGGAAGGAAGGAAGGAAGGAAGGAAGGAAGGAAGGAAGGAGAGAGGAAGAAAGAGAGAAGATTTTTATT
ID0001;D1S1656;12;377;TAGATAGATAGATAGATAGATAGATAGATAGATAGATAGATAGATAGATGTGTGTGTGTTTAATTGTATGTATATATATTTGGTTCCCTAGTGATTCTATTTCTCTGAA
ID0001;D1S1656;17;331;TAGATAGATAGATAGATAGATAGATAGATAGATAGATAGATAGATAGATAGATAGATAGATAGATAGGTGTGTGTGTGTTTAATTGTATGTATATATATTTGGTTCCCTAGTGATTCTATTTCTCTGAA
ID0001;D20S482;13;2995;AGACACCGAACCAATAAGAGATAGATAGATAGATAGATAGATAGATAGATAGATAGATAGATAGATAGATAGAGATTTATTATAGGAATTGATT
ID0001;D20S482;14;2856;AGACACCGAACCAATAAGAGATAGATAGATAGATAGATAGATAGATAGATAGATAGATAGATAGATAGATAGATAGAGATTTATTATAGGAATTGATT
ID0001;D21S11;29;1071;AAATATGTGAGTCAATTCCCCAAGTGAATTGCCTTCTATCTATCTATCTATCTGTCTGTCTGTCTGTCTGTCTGTCTATCTATCTATATCTATCTATCTATCATCTATCTATCCATATCTATCTATCTATCTATCTATCTATCTATCTATCTATCTATCTATCGTCTATCTAT
ID0001;D21S11;32,2;1094;AAATATGTGAGTCAATTCCCCAAGTGAATTGCCTTCTATCTATCTATCTATCTATCTGTCTGTCTGTCTGTCTGTCTGTCTATCTATCTATATCTATCTATCTATCATCTATCTATCCATATCTATCTATCTATCTATCTATCTATCTATCTATCTATCTATCTATCTATATCTATCGTCTATCTAT
ID0001;D22S1045;15;2259;CGTTGGAATTCCCCAAACTGGCCAGTTCCTCTCCACCCTATAGACCCTGTCCTAGCCTTCTTATAGCTGCTATGGGGGCTAGATTTTCCCCGATGATAGTAGTCTCATTATTATTATTATTATTATTATTATTATTATTATTACTATTATTGTTATAAAAATATTGCCAAT
ID0001;D22S1045;16;1369;CGTTGGAATTCCCCAAACTGGCCAGTTCCTCTCCACCCTATAGACCCTGTCCTAGCCTTCTTATAGCTGCTATGGGGGCTAGATTTTCCCCGATGATAGTAGTCTCATTATTATTATTATTATTATTATTATTATTATTATTATTACTATTATTGTTATAAAAATATTGCCAAT
ID0001;D2S1338;16;1056;AAATGGCTTGGCCTTGCCTGCCTGCCTGCCTGCCTGCCTTCCTTCCTTCCTTCCTTCCTTCCTTCCTTCCTTCCTTCCCTC
ID0001;D2S1338;19;1460;AAATGGCTTGGCCTTGCCTGCCTGCCTGCCTGCCTGCCTTCCTTCCTTCCTTCCTTCCTTCCTTCCTTCCTTCCTTCCTTCCTTCCTTCCCTC
ID0001;D2S441;11;3117;CCAGGAACTGTGGCTCATCTATGAAAACTTCTATCTATCTATCTATCTATCTATCTATCTATCTATCTATCTATATCATAACACCACAGCCACTTA
ID0001;D2S441;11,3;1830;CCAGGAACTGTGGCTCATCTATGAAAACTTCTATCTATCTATCTATCATCTATCTATCTATCTATCTATCTATCTATATCATAACACCACAGCCACTTA
ID0001;D3S1358;17;2017;TTTGGGGGCATCTCTTATACTCATGAAATCAACAGAGGCTTGCATGTATCTATCTGTCTGTCTATCTATCTATCTATCTATCTATCTATCTATCTATCTATCTATCTATCTATCTATGAGACAGGGTCTTGCTC
ID0001;D3S1358;18;2399;TTTGGGGGCATCTCTTATACTCATGAAATCAACAGAGGCTTGCATGTATCTATCTGTCTGTCTGTCTATCTATCTATCTATCTATCTATCTATCTATCTATCTATCTATCTATCTATCTATGAGACAGGGTCTTGCTC
ID0001;D4S2408;9;1727;CTATGCATCTGTCTATCTATCTATCTATCTATCTATCTATCTAATGGTTA
ID0001;D4S2408;11;1556;CTATGCATCTATCTATCTATCTATCTATCTATCTATCTATCTATCTATCTAATGGTTA
ID0001;D5S818;9;959;ATTTTGAAGATAGATAGATAGATAGATAGATAGATAGATAGATAGATGTATAAATA
ID0001;D5S818;12;976;ATTTTGAAGATAGATAGATAGATAGATAGATAGATAGATAGATAGATAGATAGATAGAGGTATAAATA
ID0001;D6S1043;11;2602;GATCAATAGATTGATAGATCAGATAGATAGATAGATAGATAGATAGATAGATAGATAGATAGATAGGATTTATTATGGGAAGTGGCTCATACAATTATGGAAGCTGAGAAATTTCACAATATGCCATCT
ID0001;D6S1043;12;2768;GATCAATAGATTGATAGATCAGATAGATAGATAGATAGATAGATAGATAGATAGATAGATAGATAGATAGGATTTATTATGGGAAGTGGCTCATACAATTATGGAAGCTGAGAAATTTCACAATATGCCATCT
ID0001;D7S820;10;;ATAGTTTAGAACGAACTAACGATAGATAGATAGATAGATAGATAGATAGATAGATAGATAGACAGATTGATAGTTTTTTTTTATCTCACTAAATA
ID0001;D7S820;10;;ATAGTTTAGAACGAACTAACGATAGATAGATAGATAGATAGATAGATAGATAGATAGATAGACAGATTGATAGTTTTTTTTTATCTCACTAAATA
ID0001;D8S1179;11;1339;TCTATCTATCTATCTATCTATCTATCTATCTATCTATCTATCTATTCCC
ID0001;D8S1179;14;1214;TCTATCTATCTGTCTATCTATCTATCTATCTATCTATCTATCTATCTATCTATCTATTCCC
ID0001;D9S1122;12;2328;AGATAACTGTAGATAGGTAGATAGATAGATAGATAGATAGATAGATAGATAGATAGATAGATAGATATTAAT
ID0001;D9S1122;13;2036;AGATAACTGTAGATAGGTAGATCGATAGATAGATAGATAGATAGATAGATAGATAGATAGATAGATAGATATTAAT
ID0001;FGA;23;1190;GCATATTTACAAGCTAGTTTCTTTCTTTCTTTTTTCTCTTTCTTTCTTTCTTTCTTTCTTTCTTTCTTTCTTTCTTTCTTTCTTTCTTTCTTTCTTTCTCCTTCCTTCCTTTCTTCCTTTCTTTTTTGCTGG
ID0001;FGA;25;1114;GCATATTTACAAGCTAGTTTCTTTCTTTCTTTTTTCTCTTTCTTTCTTTCTTTCTTTCTTTCTTTCTTTCTTTCTTTCTTTCTTTCTTTCTTTCTTTCTTTCTTTCTCCTTCCTTCCTTTCTTCCTTTCTTTTTTGCTGG
ID0001;PentaD;9;;GATCACTTGAGCCTGGAAGGTCGAAGCTGAAGTGAGCCATGATCACACCACTACACTCCAGCCTAGGTGACAGAGCAAGACACCATCTCAAGAAAGAAAAAAAAGAAAGAAAAGAAAAGAAAAGAAAAGAAAAGAAAAGAAAAGAAAAGAAAAAACGAAGGGGAAAAAAAGAGAATCATAAACATAAATGTAAAATTTCTCAA
ID0001;PentaD;9;;GATCACTTGAGCCTGGAAGGTCGAAGCTGAAGTGAGCCATGATCACACCACTACACTCCAGCCTAGGTGACAGAGCAAGACACCATCTCAAGAAAGAAAAAAAAGAAAGAAAAGAAAAGAAAAGAAAAGAAAAGAAAAGAAAAGAAAAGAAAAAACGAAGGGGAAAAAAAGAGAATCATAAACATAAATGTAAAATTTCTCAA
ID0001;PentaE;5;1391;AAAGAAAAGAAAAGAAAAGAAAAGAAAATTGTAAGGAGTTTTCT
ID0001;PentaE;12;1107;AAAGAAAAGAAAAGAAAAGAAAAGAAAAGAAAAGAAAAGAAAAGAAAAGAAAAGAAAAGAAAATTGTAAGGAGTTTTCT
ID0001;TH01;6;3035;TGCAGGTCACAGGGAACACAGACTCCATGGTGAATGAATGAATGAATGAATGAATGAGGGAAATAAGG
ID0001;TH01;9,3;2657;TGCAGGTCACAGGGAACACAGACTCCATGGTGAATGAATGAATGAATGAATGAATGATGAATGAATGAATGAGGGAAATAAGG
ID0001;TPOX;8;823;AATGAATGAATGAATGAATGAATGAATGAATGTTTGG
ID0001;TPOX;11;761;AATGAATGAATGAATGAATGAATGAATGAATGAATGAATGAATGTTTGG
ID0001;vWA;15;274;ATTGATCTATCTGTCTGTCTGTCTGTCTATCTATCTATCTATCTATCTATCTATCTATCTATCTATCCATCTATCCATCCATCCTATGTATT
ID0001;vWA;17;278;ATTGATCTATCTGTCTGTCTGTCTGTCTATCTATCTATCTATCTATCTATCTATCTATCTATCTATCTATCTATCCATCTATCCATCCATCCTATGTATT
